{"accuracy":0.9365863041805591,"weighted_f1_score":0.9608677837977552,"negative_class_precision":0.9952605751910056,"weighted_precision":0.9885246400466112,"roc_auc":0.7987449443634793,"positive_class_precision":0.04258943781942078,"positive_class_recall":0.37098103874690846,"negative_class_recall":0.9406139377608708,"weighted_recall":0.9365863041805591,"negative_class_f1":0.9671659629436247,"_runtime":28,"positive_class_f1":0.07640716529416759,"_timestamp":1.7597689630323696e+09,"_step":0,"_wandb":{"runtime":28}}