{"_wandb":{"runtime":119},"roc_auc":0.8125087334700605,"accuracy":0.8827613140898599,"precision":[0.996195056215402,0.03157529493407356],"_timestamp":1.7597662457067497e+09,"_runtime":119,"f1_score":[0.9374838759810397,0.05956889699350072],"_step":0,"recall":[0.8853078788092261,0.5251442704039572]}