{"recall":[0.8853078788092261,0.5251442704039572],"_runtime":98,"precision":[0.996195056215402,0.03157529493407356],"_wandb":{"runtime":98},"accuracy":0.8827613140898599,"f1_score":[0.9374838759810397,0.05956889699350072],"_timestamp":1.7597665976576507e+09,"roc_auc":0.8125087334700605,"_step":0}